Month,Forecasted Revenue,Lower Bound,Upper Bound
Jan 2018,49690.30348806603,36176.32751589225,63204.279460239806
Feb 2018,41838.46507530342,28324.48910312964,55352.4410474772
Mar 2018,74872.75709115046,61358.78111897668,88386.73306332424
Apr 2018,61539.12097450781,48025.14500233403,75053.09694668159
May 2018,68505.14976759243,54991.173795418654,82019.12573976621
Jun 2018,65394.89956332682,51880.92359115304,78908.8755355006
